week,away,home,player,market,line,over_price,under_price,yes_price,no_price,position,notes
5,Tampa Bay Buccaneers,Dallas Cowboys,Dak Prescott,Passing Yards,264.5,-115,-105,,,QB,EXAMPLE lines (illustrative; not copied from a sportsbook)
5,Tampa Bay Buccaneers,Dallas Cowboys,Dak Prescott,Passing TDs,1.5,-130,+105,,,QB,EXAMPLE lines (illustrative; not copied from a sportsbook)
5,Tampa Bay Buccaneers,Dallas Cowboys,Dak Prescott,Completions,22.5,-110,-110,,,QB,EXAMPLE lines (illustrative; not copied from a sportsbook)
5,Tampa Bay Buccaneers,Dallas Cowboys,CeeDee Lamb,Receiving Yards,84.5,-115,-105,,,WR,EXAMPLE lines (illustrative; not copied from a sportsbook)
5,Tampa Bay Buccaneers,Dallas Cowboys,CeeDee Lamb,Receptions,6.5,-120,-100,,,WR,EXAMPLE lines (illustrative; not copied from a sportsbook)
5,Tampa Bay Buccaneers,Dallas Cowboys,CeeDee Lamb,Anytime TD,,,,-125,,WR,EXAMPLE lines (illustrative; not copied from a sportsbook)
5,Tampa Bay Buccaneers,Dallas Cowboys,George Pickens,Receiving Yards,62.5,-110,-110,,,WR,EXAMPLE lines (illustrative; not copied from a sportsbook)
5,Tampa Bay Buccaneers,Dallas Cowboys,Javonte Williams,Rushing Yards,58.5,-110,-110,,,RB,EXAMPLE lines (illustrative; not copied from a sportsbook)
5,Tampa Bay Buccaneers,Dallas Cowboys,Javonte Williams,Anytime TD,,,,-135,,RB,EXAMPLE lines (illustrative; not copied from a sportsbook)
5,Tampa Bay Buccaneers,Dallas Cowboys,Baker Mayfield,Passing Yards,244.5,-110,-110,,,QB,EXAMPLE lines (illustrative; not copied from a sportsbook)
5,Tampa Bay Buccaneers,Dallas Cowboys,Baker Mayfield,Interceptions,0.5,+110,-140,,,QB,EXAMPLE lines (illustrative; not copied from a sportsbook)
5,Tampa Bay Buccaneers,Dallas Cowboys,Bucky Irving,Rushing Yards,62.5,-115,-105,,,RB,EXAMPLE lines (illustrative; not copied from a sportsbook)
5,Tampa Bay Buccaneers,Dallas Cowboys,Bucky Irving,Rush + Rec Yards,84.5,-110,-110,,,RB,EXAMPLE lines (illustrative; not copied from a sportsbook)
5,Tampa Bay Buccaneers,Dallas Cowboys,Bucky Irving,Anytime TD,,,,+120,,RB,EXAMPLE lines (illustrative; not copied from a sportsbook)
5,Tampa Bay Buccaneers,Dallas Cowboys,Mike Evans,Anytime TD,,,,+150,,WR,EXAMPLE lines (illustrative; not copied from a sportsbook)
5,Philadelphia Eagles,Jacksonville Jaguars,Jalen Hurts,Passing Yards,214.5,-110,-110,,,QB,EXAMPLE lines (illustrative; not copied from a sportsbook)
5,Philadelphia Eagles,Jacksonville Jaguars,Jalen Hurts,Rushing Attempts,9.5,-115,-105,,,QB,EXAMPLE lines (illustrative; not copied from a sportsbook)
5,Philadelphia Eagles,Jacksonville Jaguars,Saquon Barkley,Rushing Yards,84.5,-110,-110,,,RB,EXAMPLE lines (illustrative; not copied from a sportsbook)
5,Philadelphia Eagles,Jacksonville Jaguars,Saquon Barkley,Rush + Rec Yards,104.5,-110,-110,,,RB,EXAMPLE lines (illustrative; not copied from a sportsbook)
5,Philadelphia Eagles,Jacksonville Jaguars,Saquon Barkley,Anytime TD,,,,-160,,RB,EXAMPLE lines (illustrative; not copied from a sportsbook)
5,Philadelphia Eagles,Jacksonville Jaguars,Saquon Barkley,First TD,,,,+600,,RB,EXAMPLE lines (illustrative; not copied from a sportsbook)
5,Philadelphia Eagles,Jacksonville Jaguars,A.J. Brown,Receiving Yards,69.5,-110,-110,,,WR,EXAMPLE lines (illustrative; not copied from a sportsbook)
5,Philadelphia Eagles,Jacksonville Jaguars,Trevor Lawrence,Passing Yards,239.5,-110,-110,,,QB,EXAMPLE lines (illustrative; not copied from a sportsbook)
5,Philadelphia Eagles,Jacksonville Jaguars,Brian Thomas Jr.,Receiving Yards,64.5,-115,-105,,,WR,EXAMPLE lines (illustrative; not copied from a sportsbook)
5,Philadelphia Eagles,Jacksonville Jaguars,Travis Etienne,Anytime TD,,,,+135,,RB,EXAMPLE lines (illustrative; not copied from a sportsbook)
5,Minnesota Vikings,New Orleans Saints,Justin Jefferson,Receiving Yards,84.5,-115,-105,,,WR,EXAMPLE lines (illustrative; not copied from a sportsbook)
5,Minnesota Vikings,New Orleans Saints,J.J. McCarthy,Passing Yards,224.5,-110,-110,,,QB,EXAMPLE lines (illustrative; not copied from a sportsbook)
5,Minnesota Vikings,New Orleans Saints,Alvin Kamara,Rush + Rec Yards,79.5,-110,-110,,,RB,EXAMPLE lines (illustrative; not copied from a sportsbook)
5,Minnesota Vikings,New Orleans Saints,Chris Olave,Receptions,4.5,-125,-105,,,WR,EXAMPLE lines (illustrative; not copied from a sportsbook)
5,Chicago Bears,Green Bay Packers,Caleb Williams,Passing Yards,229.5,-110,-110,,,QB,EXAMPLE lines (illustrative; not copied from a sportsbook)
5,Chicago Bears,Green Bay Packers,Jordan Love,Passing Yards,234.5,-110,-110,,,QB,EXAMPLE lines (illustrative; not copied from a sportsbook)
5,Chicago Bears,Green Bay Packers,Jordan Love,Completions,20.5,-110,-110,,,QB,EXAMPLE lines (illustrative; not copied from a sportsbook)
5,Chicago Bears,Green Bay Packers,Josh Jacobs,Rushing Yards,69.5,-110,-110,,,RB,EXAMPLE lines (illustrative; not copied from a sportsbook)
5,Chicago Bears,Green Bay Packers,Josh Jacobs,Anytime TD,,,,-140,,RB,EXAMPLE lines (illustrative; not copied from a sportsbook)
5,Chicago Bears,Green Bay Packers,DJ Moore,Receiving Yards,54.5,-110,-110,,,WR,EXAMPLE lines (illustrative; not copied from a sportsbook)
